x,y,InsideCircle,pi
1.4342263724443782,-48.045106875263656,1,4.0
-40.14501513279749,-37.36094155083477,0,2.0
16.83511316709,-8.986167171999057,1,2.6666666666666665
34.23441966976955,18.530588154897544,1,3.0
47.504667299391585,25.949625868221077,0,2.4
46.178833837396056,-0.9932494654265298,1,2.6666666666666665
18.745655090288963,-36.11764170373763,1,2.857142857142857
34.80367224547096,-34.80964682753893,1,3.0
36.28965677101496,-1.7312693106734756,1,3.111111111111111
43.824297338829794,-11.793227668026383,1,3.2
26.250571548303256,45.232166570582194,0,2.909090909090909
-7.645071293804676,23.853699352858442,1,3.0
9.087813278520997,8.710811573718125,1,3.076923076923077
26.820363076048324,39.125507278420685,1,3.142857142857143
-33.13083622776284,-31.831337542323446,1,3.2
-19.212013683339734,49.78538024695055,0,3.0
-44.02097180675197,-5.216223176552745,1,3.0588235294117645
-26.585243470375108,45.28152608645392,0,2.888888888888889
25.967126220228124,20.15523882890173,1,2.9473684210526314
47.96128093183721,-20.715950926187944,0,2.8
31.638822228419556,5.299385599768925,1,2.857142857142857
35.152318090991145,-48.557477991647445,0,2.727272727272727
3.336233328817329,10.385312198286897,1,2.782608695652174
-31.41347194271735,-13.36068888848989,1,2.8333333333333335
-4.251593886492188,-49.735338120893466,1,2.88
8.585340227184858,22.989518476812492,1,2.923076923076923
40.392858912259726,-7.5077081094566225,1,2.962962962962963
26.269227280788456,37.67513894747508,1,3.0
42.2616777698954,-24.62520070375238,1,3.0344827586206895
-43.51007620883666,22.15018844890288,1,3.066666666666667
-35.69205737347533,-12.500728332590029,1,3.096774193548387
42.79761408519252,-34.76279493508787,0,3.0
47.83228172295033,-10.08205844789508,1,3.0303030303030303
-33.704842157852724,-27.657287167178968,1,3.0588235294117645
21.864457569123147,17.95481492612697,1,3.085714285714286
-34.095324821561775,29.461931343896197,1,3.111111111111111
7.317019266433022,-49.00762628301231,1,3.135135135135135
38.87212856946054,-12.894157942895554,1,3.1578947368421053
32.13156560284325,40.439964188544835,0,3.076923076923077
-12.902942630218064,-45.898227552474644,1,3.1
34.66913121251551,25.022275013215207,1,3.1219512195121952
18.709494508153114,-9.343731691662896,1,3.142857142857143
17.131556894267874,15.732997739054497,1,3.1627906976744184
-44.55305892396312,-5.752060193970685,1,3.1818181818181817
31.822387317521333,-44.09632389247634,0,3.111111111111111
14.93015562405337,20.1200229804801,1,3.130434782608696
26.192027265436735,-26.7182037319168,1,3.148936170212766
9.609762870382333,43.83053846440983,1,3.1666666666666665
-30.31019218674267,-17.30113540161178,1,3.183673469387755
22.612119295234663,13.43108961831431,1,3.2
-37.23209374899654,-10.388430536531331,1,3.215686274509804
27.33516303186643,28.991966235689432,1,3.230769230769231
-49.8020362762416,-21.387106723963576,0,3.169811320754717
-10.210432348184128,25.563643126805545,1,3.185185185185185
45.340146783463965,32.5684364362162,0,3.1272727272727274
-49.44553915655806,7.758388664620064,0,3.0714285714285716
32.76769067526132,-5.782322812401183,1,3.087719298245614
23.49586796250415,-24.70086804256687,1,3.103448275862069
47.555370922059154,17.638451199849342,0,3.0508474576271185
-29.657532350926008,13.851844724073324,1,3.066666666666667
-5.707791817629783,22.90357125138199,1,3.081967213114754
-8.037527384261203,15.780671638232533,1,3.096774193548387
-10.496936509643987,12.645364474409305,1,3.111111111111111
-29.997575631765294,-12.631239285782073,1,3.125
-39.53928332305038,-12.035386033886134,1,3.1384615384615384
44.83018258125537,16.04099784675867,1,3.1515151515151514
-7.137625756447953,-31.173015120673632,1,3.1641791044776117
31.589723117792232,-40.018317595782435,0,3.1176470588235294
-8.303562497724215,41.17988004065603,1,3.130434782608696
-17.277482171591565,-12.117400592447972,1,3.142857142857143
10.739990559433629,-6.333165113078195,1,3.1549295774647885
-17.95210820395647,16.72583323099917,1,3.1666666666666665
5.547877380507757,-46.64669991577498,1,3.1780821917808217
2.239425625741106,13.647921961951802,1,3.189189189189189
-35.692420265315064,-2.333476499315225,1,3.2
33.71899743670261,36.00410509269018,1,3.210526315789474
26.607261798309295,-27.10846929552546,1,3.220779220779221
18.298096057588907,23.504651250306267,1,3.230769230769231
46.49778377906563,-41.754748604928324,0,3.189873417721519
-27.922805462104925,25.64697140992064,1,3.2
-39.17517597701766,46.81285989534521,0,3.1604938271604937
0.8157762517709486,20.294605346951315,1,3.1707317073170733
44.6889330078545,-44.84514157955054,0,3.1325301204819276
39.59254551909649,9.450361571404422,1,3.142857142857143
49.661927548387325,-45.76553146647898,0,3.1058823529411765
-31.641472053157436,-47.48086378193861,0,3.0697674418604652
23.18009398666223,-41.98986094631852,1,3.0804597701149423
31.239786499824618,-21.387082503873135,1,3.090909090909091
-5.6842775478368,-30.772529364771106,1,3.101123595505618
37.1205520744475,-36.07023727579646,0,3.066666666666667
19.801408345676577,-46.968101098130965,0,3.032967032967033
43.24359335810763,-12.454014125088065,1,3.0434782608695654
1.275781174195778,35.39009011146072,1,3.053763440860215
-40.14108500856756,40.580207510674,0,3.021276595744681
39.751828424685655,44.625350813062866,0,2.9894736842105263
-32.03862794025626,-8.18800520257826,1,3.0
25.893629536715807,-27.932066007254885,1,3.0103092783505154
-29.971375462253025,-27.549918951427887,1,3.020408163265306
-19.322423311514935,-15.803214818878232,1,3.0303030303030303
16.899818416628094,29.55283305982981,1,3.04
7.804685078092746,-8.626455003505043,1,3.0495049504950495
42.16913307673626,7.214214646949969,1,3.0588235294117645
-3.7058127208063567,-32.88114113135151,1,3.0679611650485437
6.129181645375127,-29.4923700758418,1,3.076923076923077
36.97466653487706,-31.668305926775176,1,3.085714285714286
-37.79636796051902,8.818667724424259,1,3.0943396226415096
-17.1368273255587,4.618856912019666,1,3.102803738317757
24.382859315216905,-46.64979173025973,0,3.074074074074074
29.7059675795645,-23.581210607572423,1,3.0825688073394497
-44.56860179759812,-20.883376908910023,1,3.090909090909091
-27.502165473163686,-40.58772714174691,1,3.099099099099099
-37.81746432933595,-4.159937081652608,1,3.107142857142857
37.550551419680914,41.74386807047817,0,3.079646017699115
-16.353802563131204,10.641165432204225,1,3.087719298245614
31.77940446628726,-46.58997858150986,0,3.0608695652173914
27.355508221951567,-29.635518198492317,1,3.0689655172413794
-14.078959477950072,-15.974355298682838,1,3.076923076923077
-34.22822175641613,33.887561555148835,1,3.0847457627118646
25.315286793142093,26.779609671562596,1,3.092436974789916
24.308355679157103,5.880113773310988,1,3.1
28.157052087223477,12.293355749521226,1,3.1074380165289255
-40.01114690694081,-20.675730099600298,1,3.1147540983606556
25.57408654602129,-26.214364265250055,1,3.1219512195121952
46.28817273367764,-24.400434763581146,0,3.096774193548387
6.7252756280364,30.50061257467253,1,3.104
13.027143916965741,17.515694816191683,1,3.111111111111111
17.025875744885028,20.72563277967832,1,3.1181102362204722
45.568371262951885,4.630647062247192,1,3.125
-41.790210926668706,29.728546683627542,0,3.10077519379845
38.00537698897405,-20.486880671358808,1,3.1076923076923078
44.91065869250667,-42.07210515569886,0,3.0839694656488548
32.417295504708136,43.879381271869875,0,3.0606060606060606
8.53673221024416,44.48491666324989,1,3.0676691729323307
-27.08592443655242,-40.550151165381244,1,3.074626865671642
-25.43861293171039,-26.322771212180285,1,3.0814814814814815
34.0126935377576,-9.222130026050166,1,3.088235294117647
5.077162895633869,18.383729185690697,1,3.0948905109489053
-29.705870412451507,2.3857010340780036,1,3.101449275362319
1.0525732485228687,-41.899021806601056,1,3.1079136690647484
0.8612261901880487,-21.315142795646867,1,3.1142857142857143
-27.77353405976406,16.674699265960186,1,3.120567375886525
-18.96760520393448,-24.245807115176675,1,3.1267605633802815
-46.18715127439431,-29.808934833549117,0,3.104895104895105
-39.76273372615435,40.169961696292006,0,3.0833333333333335
-16.084392894868692,-27.10447725119639,1,3.089655172413793
-17.783630600770927,31.210875046992413,1,3.095890410958904
-28.710754281416918,39.106799784464414,1,3.1020408163265305
-10.179019736837027,9.589962567117183,1,3.108108108108108
-10.949075190283118,39.258146817400004,1,3.1140939597315436
-13.222835325910651,44.72080339630237,1,3.12
22.125661040724026,-43.74362674008667,1,3.1258278145695364
11.47548780519704,-22.877059479549732,1,3.1315789473684212
5.175900196733977,-9.698643975829647,1,3.1372549019607843
-31.531724328680255,36.823447814486016,1,3.142857142857143
13.285909882282041,27.07817709333588,1,3.1483870967741936
48.39540646606764,36.37913189337215,0,3.128205128205128
-36.38072143186827,-47.14319923511285,0,3.1082802547770703
16.996764674014003,6.923844680819904,1,3.1139240506329116
19.45323891048814,23.662150961818256,1,3.119496855345912
-44.918139057184405,7.790926535306866,1,3.125
-14.456919076143478,-23.238600332488303,1,3.130434782608696
-34.309856888742296,-49.66457505894925,0,3.111111111111111
-45.011863560309415,27.394004767871863,0,3.0920245398773005
37.999744359731764,48.02571964801619,0,3.073170731707317
-37.77009428247893,34.629676068753696,0,3.0545454545454547
-16.053148214481524,25.096553862305356,1,3.0602409638554215
11.475340776229224,-33.43865279611007,1,3.065868263473054
-32.33290620093676,1.2604161263019549,1,3.0714285714285716
-18.7938398360211,48.11569046815728,0,3.0532544378698225
1.5680603477640744,-8.969363218544345,1,3.0588235294117645
12.143949758020057,4.571850763544127,1,3.064327485380117
13.035464575033842,8.300720718673638,1,3.0697674418604652
-7.050043990838425,-10.108935280068742,1,3.0751445086705202
-36.531584852029,-10.649883232757261,1,3.0804597701149423
3.4121069859398574,47.524715296756824,1,3.085714285714286
-46.050459593304524,-43.27459087277905,0,3.0681818181818183
16.131578554800655,18.895125865603205,1,3.073446327683616
-37.16439527836902,-7.7633396487246955,1,3.0786516853932584
24.439843988157435,22.644854502887284,1,3.083798882681564
-34.5908273043088,-2.251573059913646,1,3.088888888888889
36.52654459490664,-33.38051780344243,1,3.0939226519337018
48.73849403033394,-36.39198150799096,0,3.076923076923077
-35.2802320065708,16.13036046621029,1,3.081967213114754
18.58583156807812,-23.484986806700004,1,3.0869565217391304
-29.231455676977312,-21.729224559453463,1,3.091891891891892
-32.301386022324195,-32.51481424920011,1,3.096774193548387
-44.9678282885362,20.130163466203584,1,3.1016042780748663
26.255137692316126,16.111182849740516,1,3.106382978723404
35.30389229276062,19.325936750686722,1,3.111111111111111
23.348892660673755,22.89108769906146,1,3.1157894736842104
-12.523197327652824,-15.177462037371939,1,3.1204188481675392
-32.81664152256416,2.6823989564364155,1,3.125
-4.803464949803505,-7.269194909215081,1,3.1295336787564767
23.994734126527362,-45.392110126429095,0,3.11340206185567
45.01741058370004,14.036513317341644,1,3.117948717948718
1.3272038206153098,21.933212681273133,1,3.122448979591837
10.806988761304972,47.426971875151324,1,3.1269035532994924
8.747703591727209,34.19744614194809,1,3.1313131313131315
18.613521206697484,8.38508952511966,1,3.135678391959799
23.173205529195812,-36.79415439131976,1,3.14
45.89963914882189,-39.94615411977419,0,3.1243781094527363
-4.49565383199446,9.342439070267552,1,3.128712871287129
-38.69656887503663,42.976581523693994,0,3.1133004926108376
15.864362944403538,49.37565163748644,0,3.0980392156862746
44.936792138750164,-24.441910777206378,0,3.0829268292682928
47.602923526461,-37.51759126154266,0,3.0679611650485437
22.800041724503373,23.12972540468789,1,3.072463768115942
-32.42185264597424,1.2183285928770147,1,3.076923076923077
-47.24343138039562,-29.58774330679447,0,3.062200956937799
6.69642909472379,-23.508021397664848,1,3.066666666666667
24.02505646450112,-4.587616804541575,1,3.071090047393365
21.423365542032485,20.97282215627014,1,3.0754716981132075
14.201768627058087,21.857226775798082,1,3.07981220657277
35.41652891781426,-46.76003986897496,0,3.0654205607476634
-41.47862123134347,-31.830049901850323,0,3.0511627906976746
-45.99137273088031,-11.659994227565463,1,3.0555555555555554
37.00229570659255,5.786499985493052,1,3.0599078341013826
4.5528723770165485,5.616719618759589,1,3.0642201834862384
-29.266772889531577,32.209234215926955,1,3.0684931506849313
-13.827628073819909,40.80282882108588,1,3.0727272727272728
-49.37824660159398,15.047652158704963,0,3.0588235294117645
7.09093206008302,-47.361026327637354,1,3.063063063063063
-15.70169758691415,19.724700121035525,1,3.0672645739910314
-11.941175606439735,38.432994230392296,1,3.0714285714285716
-21.974141516949196,-47.752021807620125,0,3.057777777777778
-5.389101315720346,9.494372737384552,1,3.061946902654867
5.563548802507334,27.41332854958499,1,3.066079295154185
26.487118052819554,7.099887434877161,1,3.0701754385964914
-36.08973163711835,42.966085980280965,0,3.056768558951965
-21.45959695841998,-38.702094649077864,1,3.0608695652173914
20.87648338664792,-17.006857942248352,1,3.064935064935065
-4.071258003857878,8.261471122116646,1,3.0689655172413794
13.253173116915285,-10.202587312996684,1,3.072961373390558
-46.4495558085402,-24.59650204870467,0,3.0598290598290596
-22.066425551032687,-19.946586308579718,1,3.0638297872340425
-36.108767259735515,-32.67189115768387,1,3.0677966101694913
8.618097451270224,34.15667777714249,1,3.071729957805907
-2.1069786652470484,26.658882023558846,1,3.0756302521008405
0.6421124057521297,20.17787224579341,1,3.079497907949791
-40.82315379158584,35.12989606622216,0,3.066666666666667
16.39618092029849,39.959168537637495,1,3.070539419087137
-33.80766690819074,-18.94090169658309,1,3.074380165289256
-45.10309358117126,-5.294266206625551,1,3.078189300411523
39.326572851296206,-41.61532336305702,0,3.0655737704918034
-41.2277578038493,-27.092951387438436,1,3.0693877551020408
-24.84913639324504,-44.556460414652356,0,3.0569105691056913
-6.92099931942284,-21.96874074565869,1,3.0607287449392713
-39.899398011811556,33.87827554853854,0,3.0483870967741935
-18.005805458060266,49.758382644041575,0,3.036144578313253
6.6759057928067875,-46.80176922266167,1,3.04
-35.6532448507501,42.4329375254343,0,3.0278884462151394
43.52805521433541,16.005028139216193,1,3.0317460317460316
-20.614948457228245,-43.215480521760654,1,3.035573122529644
-36.741978704834935,42.38658899098141,0,3.0236220472440944
4.645822828097224,-16.90932305650201,1,3.0274509803921568
-16.128173075216182,-5.478744163640769,1,3.03125
-21.95039528054893,-44.677436696586305,1,3.035019455252918
-13.989569104536123,-27.666139653833564,1,3.0387596899224807
15.98706874579328,36.8248062322447,1,3.0424710424710426
14.126892601133335,36.59567719415544,1,3.046153846153846
-31.42315940941853,22.299476990541223,1,3.049808429118774
-40.457027260886925,47.87062597985849,0,3.0381679389312977
2.9223850609733617,-46.85944144550071,1,3.041825095057034
43.02222509212386,-0.01000608073585596,1,3.0454545454545454
11.519747772685292,-6.608678164622141,1,3.049056603773585
-34.80894788986364,11.72468643890872,1,3.0526315789473686
-36.50181645614941,-29.04785879644195,1,3.056179775280899
-26.525052976443742,48.472159826848454,0,3.044776119402985
22.644355314136533,-25.568330144192142,1,3.0483271375464684
-43.56273686819421,-0.06480156180747088,1,3.051851851851852
18.70957144159071,-32.666190210309466,1,3.055350553505535
36.10326140202416,40.25477900981335,0,3.0441176470588234
20.53274098433168,-28.936094789874623,1,3.0476190476190474
34.8786109103531,43.498369641708464,0,3.0364963503649633
14.709539304834422,46.60395647884165,1,3.04
-5.0072665851258265,-43.007101580294346,1,3.0434782608695654
-12.898863944539286,46.4460276099863,1,3.046931407942238
0.9577170169954385,36.69380686328256,1,3.050359712230216
44.331513506034796,-45.662937460311205,0,3.039426523297491
47.88133859639808,-33.1879283827173,0,3.0285714285714285
42.15016556363544,39.24134997091183,0,3.01779359430605
2.8199946028442326,-42.79752767494598,1,3.021276595744681
-37.959690553113525,-49.93083837525407,0,3.010600706713781
-49.16640966934819,7.61472709785793,1,3.0140845070422535
15.553450798563247,-45.38543296012371,1,3.017543859649123
40.80523353649154,17.6521515907626,1,3.020979020979021
31.711334858818432,30.32103309584197,1,3.024390243902439
-42.70999949703911,-42.26191769763623,0,3.013888888888889
-12.27562118478113,15.720576002245693,1,3.017301038062284
9.551636982469546,-44.46545230071112,1,3.0206896551724136
-26.855234413428676,-33.695091679440495,1,3.0240549828178693
36.64335928779826,-27.63398615491176,1,3.0273972602739727
-8.360518008001115,-43.67836612641944,1,3.030716723549488
-33.04666649166943,-37.88101301593218,0,3.020408163265306
48.904765788951806,30.728339226918493,0,3.010169491525424
-13.149703955757467,8.523070657557085,1,3.0135135135135136
19.960463620739972,-48.82620590209504,0,3.0033670033670035
-45.08344668761933,-37.59262981391206,0,2.9932885906040267
-30.341487948906565,-41.30675503858695,0,2.983277591973244
18.31297119889159,24.732212995035596,1,2.986666666666667
-25.39486761910531,-34.348320268874,1,2.990033222591362
-38.984634983185806,13.314582757852754,1,2.993377483443709
-25.955882947364195,-20.63875224824825,1,2.9966996699669965
33.56319856135036,-41.13813860234995,0,2.986842105263158
8.485429366535094,-3.165702646688416,1,2.9901639344262296
-46.339319476795914,-46.23664679995204,0,2.980392156862745
-22.73070802776188,-13.345132814015003,1,2.98371335504886
7.74069683044538,47.37894170522681,1,2.987012987012987
-21.70239943721075,17.836489683020744,1,2.9902912621359223
22.61917779597772,-40.96414638630792,1,2.9935483870967743
-26.82097809869144,21.414482715286326,1,2.9967845659163985
-28.68286337383259,-46.27570210363662,0,2.9871794871794872
-17.63387013599639,-31.790487007748514,1,2.990415335463259
15.428156189740008,-39.433770088988766,1,2.9936305732484074
2.7109190658247897,-18.02057029540476,1,2.996825396825397
47.26735955859253,-4.919612877674126,1,3.0
41.26580677260114,34.028234465702695,0,2.9905362776025237
35.787211459681075,-19.46381207934793,1,2.993710691823899
-30.638327698889366,21.435920156211182,1,2.9968652037617556
-42.7804364902977,-18.109314060147284,1,3.0
4.401159513391342,3.3516369035567877,1,3.0031152647975077
5.9943710973828885,11.025045203656433,1,3.0062111801242235
27.48117512557839,-49.223612247405,0,2.996904024767802
15.29813499577412,-1.1680221137489113,1,3.0
-30.451822671088213,-34.3168347944294,1,3.003076923076923
-43.48672518455334,2.6513018050133823,1,3.0061349693251533
-32.688669905017896,26.14940512839756,1,3.0091743119266057
-7.332900275437403,-3.0050354238033137,1,3.0121951219512195
40.01222076691026,3.7085768103842014,1,3.0151975683890577
-29.271121157409507,-18.301659662735016,1,3.018181818181818
-4.6471357542820755,44.533129610260204,1,3.0211480362537766
-35.17394623777999,44.611603899887726,0,3.0120481927710845
2.8596924032014854,7.926614676765055,1,3.015015015015015
14.03057826038102,-22.030293435249902,1,3.0179640718562872
-23.266960183171292,-24.319362602317195,1,3.02089552238806
30.447300964757645,-23.340534346680762,1,3.0238095238095237
-6.077195203987195,35.54207698506751,1,3.026706231454006
-29.44471991544174,4.374069646356169,1,3.029585798816568
23.38925169054842,44.76680757194943,0,3.0206489675516224
18.758029726044185,23.09588049654613,1,3.023529411764706
43.09188665489715,-25.992296429683226,0,3.0146627565982405
38.80229442652757,37.6181285410582,0,3.0058479532163744
-42.17337312613023,-25.955066643762347,1,3.008746355685131
45.626293966110026,0.8466646726353133,1,3.011627906976744
-28.885642062486326,-43.294843757824594,0,3.0028985507246375
35.02896944623642,-27.14246564258006,1,3.005780346820809
4.01561218522496,42.23896353306627,1,3.0086455331412103
18.96377809793634,-1.271419453738872,1,3.0114942528735633
-27.629814188138635,19.070723835875057,1,3.01432664756447
22.550896552801646,-9.0042253775908,1,3.0171428571428573
-3.9047580824902255,44.21383315041841,1,3.0199430199430197
-18.724752107278697,31.55626179023531,1,3.022727272727273
-36.405509706853124,23.860341737338103,1,3.0254957507082154
-1.3693755542419481,29.12588061854065,1,3.0282485875706215
-12.872704598448514,-2.1110807164037553,1,3.0309859154929577
-23.185757753424042,-13.031562728599724,1,3.033707865168539
-33.24499573574691,-27.681680978370093,1,3.0364145658263304
-29.968486215761214,-47.23703644659699,0,3.0279329608938546
45.99690093759433,3.3539503667250585,1,3.030640668523677
-48.95854814057314,-8.556022508807828,1,3.033333333333333
-21.83239414567877,-20.794489861053066,1,3.03601108033241
-42.315270455540045,4.9833569188518325,1,3.0386740331491713
-26.191799960722996,12.733866842565803,1,3.041322314049587
-22.43018421209324,-17.643039123329316,1,3.043956043956044
-1.9922574989503872,-12.091520641007058,1,3.0465753424657533
-18.394180861383504,0.1852647991440719,1,3.0491803278688523
17.692074025362558,2.485599747489978,1,3.0517711171662127
8.818896447375636,-26.797104331696342,1,3.0543478260869565
-38.19295830375632,-37.91124834349048,0,3.046070460704607
-23.701595169462774,-30.476519906596188,1,3.0486486486486486
46.246715007778675,-31.23714236725221,0,3.0404312668463613
39.75598236564937,46.59921313812127,0,3.032258064516129
20.568924107808158,-48.77982544806754,0,3.0241286863270775
-5.59390411666385,-3.347818052907016,1,3.0267379679144386
10.707073849763681,-21.60073630200784,1,3.029333333333333
16.076337509010557,16.70765995907962,1,3.0319148936170213
3.0354632580744862,39.757466140212415,1,3.0344827586206895
-31.01110626358342,-32.85692114301291,1,3.037037037037037
-13.607807509919802,14.898032699253434,1,3.0395778364116093
47.0735364868618,-16.078217404775373,1,3.042105263157895
-1.5116506900040179,-32.53282156066199,1,3.0446194225721785
7.16860341791071,49.06205066202901,1,3.0471204188481678
-41.789092084812474,27.527084811935055,0,3.039164490861619
-33.68373037182568,5.143691550606576,1,3.0416666666666665
-17.79923714304119,0.27047611862437293,1,3.0441558441558443
-42.63393039158889,-18.551531207090722,1,3.0466321243523318
-4.067820516669244,-4.448718005357591,1,3.049095607235142
-40.355550650913926,-39.55819472544256,0,3.0412371134020617
1.6357646848258014,-47.7201632470977,1,3.043701799485861
-8.18627191795693,17.337884750272565,1,3.046153846153846
-17.562449333279005,2.1116220527910983,1,3.0485933503836318
-31.91986394707985,-16.27475658520573,1,3.0510204081632653
-1.259918581662646,7.7330504411539565,1,3.053435114503817
-21.653430252004323,39.2742530997736,1,3.0558375634517767
-44.56195927806341,46.45927155400318,0,3.0481012658227846
-41.6734143432447,18.471996278173577,1,3.0505050505050506
42.65205947308118,-19.57385305381227,1,3.052896725440806
38.45452999268592,-16.870937416619036,1,3.0552763819095476
-10.68098171246129,-48.568784590900826,1,3.0576441102756893
-1.6230138082586976,3.6710880722767953,1,3.06
-29.740195538027315,-8.747351519152978,1,3.0623441396508726
23.5412940573526,-15.007376128539242,1,3.0646766169154227
23.77245021444962,-34.78329229418728,1,3.066997518610422
-25.24864745276204,-28.680180146235024,1,3.0693069306930694
-24.200276281623367,-16.114118564671656,1,3.071604938271605
37.396636858103804,33.57446557770891,0,3.064039408866995
-9.782348449648715,18.258623307378315,1,3.0663390663390664
20.96649834427778,-26.2406471807237,1,3.0686274509803924
38.987069213751894,-37.587583726635266,0,3.0611246943765282
15.74913583940581,21.288181818514857,1,3.0634146341463415
-9.279977258590591,-9.071684650374642,1,3.065693430656934
-41.12717671677784,27.466438287048817,1,3.0679611650485437
-18.325773254477273,2.2025596741568236,1,3.070217917675545
30.20319649334276,-17.92921272211703,1,3.072463768115942
7.607316100434069,-24.58693801514076,1,3.0746987951807228
-43.729281292444064,-6.569086958647617,1,3.076923076923077
-44.6883100453329,12.192296946121097,1,3.079136690647482
-41.89429896804361,-14.842721893210545,1,3.0813397129186604
48.13099916220732,33.532105941056756,0,3.0739856801909307
45.94156535699966,-2.9987481357850143,1,3.0761904761904764
43.852059748837505,-38.964163327368254,0,3.0688836104513064
-8.283861581056016,43.976179925149566,1,3.071090047393365
-11.433858796012487,-19.703325083430922,1,3.0732860520094563
-37.07121574176425,46.60940159353203,0,3.0660377358490565
-30.31298586967378,-6.589918757515477,1,3.068235294117647
-24.974951003853196,17.55024164356307,1,3.0704225352112675
-36.210425091023325,3.1472743099678624,1,3.072599531615925
-33.850176240322114,-8.388452071722199,1,3.074766355140187
-22.21822601711446,-20.576712071696868,1,3.076923076923077
11.113695605491657,-43.62270355784409,1,3.0790697674418603
32.999690396259,8.195466247321356,1,3.0812064965197217
-29.565032378451995,42.04622668765242,0,3.074074074074074
-2.266721875051317,-42.83655039493426,1,3.07621247113164
15.05576526543237,-46.27016343485708,1,3.078341013824885
10.368073229212193,32.46181751702086,1,3.0804597701149423
17.413217941962742,-11.878653971121501,1,3.0825688073394497
37.78742285619229,12.212034032268306,1,3.0846681922196795
12.189477608527774,-1.6005507588465306,1,3.08675799086758
25.25294440370655,23.689040933011512,1,3.0888382687927107
13.056844891669016,-27.84962719499724,1,3.090909090909091
40.94228592247882,-47.620767899038064,0,3.0839002267573696
-14.348757267796508,-11.134898995622343,1,3.085972850678733
-1.6823686650423468,-25.094123325746576,1,3.0880361173814896
49.92540933446895,-4.444471384783235,0,3.081081081081081
18.89472049718387,0.6076630954541358,1,3.0831460674157305
-43.508720453343265,31.655255980880654,0,3.0762331838565022
-39.35015311973042,30.106322465064835,1,3.0782997762863533
-39.45737825595364,37.65820476967362,0,3.0714285714285716
0.39712079151762225,12.791985230099968,1,3.0734966592427617
14.58081631503235,26.931349861293867,1,3.0755555555555554
43.74137633714052,13.814878421155385,1,3.0776053215077606
-10.282402276668925,46.29851787737478,1,3.079646017699115
-18.744696771088364,-42.7106739268191,1,3.0816777041942607
-49.62935117518694,-40.582670657276175,0,3.0748898678414096
-15.56016169095821,-6.210199975688788,1,3.076923076923077
-49.27218715124423,14.504790713039966,0,3.0701754385964914
-42.76889133843375,27.00457262074258,0,3.063457330415755
-40.85513892565126,24.716418514129117,1,3.0655021834061134
23.340932531785796,3.753356964001597,1,3.0675381263616557
-44.27146211074098,-0.45847925973719583,1,3.0695652173913044
-43.48674800910847,-10.387916814958807,1,3.071583514099783
-49.472358855517896,24.640256318530064,0,3.064935064935065
-37.12444953333637,-21.904157373924505,1,3.0669546436285096
49.794935427810344,3.998607364329679,1,3.0689655172413794
-9.432658500597555,2.6514600281581053,1,3.0709677419354837
28.502393662815862,24.573132447551174,1,3.072961373390558
-9.71106772497994,-43.41495194213637,1,3.074946466809422
-4.123164878912867,46.300081474621734,1,3.076923076923077
-8.361585529776235,-1.737814665425816,1,3.0788912579957355
25.82039256514655,41.00927987698026,1,3.0808510638297872
-29.237621756821607,41.25200749887924,0,3.0743099787685777
40.72414985432489,-19.492319450843965,1,3.0762711864406778
-24.891748054674146,28.39013956394851,1,3.0782241014799157
-29.979245533319165,-47.60629598144851,0,3.071729957805907
-26.00407391830595,36.57538084391956,1,3.0736842105263156
-7.298659327499976,-2.903269886807678,1,3.0756302521008405
-43.89305049780182,36.737473014972224,0,3.069182389937107
31.15974617020315,5.050538404876406,1,3.071129707112971
19.959954387168537,30.385628494596887,1,3.0730688935281836
24.093216337316548,17.398771216540624,1,3.075
-22.949144406719558,-48.20042364791113,0,3.0686070686070686
-25.792183028846804,-13.103164010815604,1,3.070539419087137
-33.64488253223445,-18.744493632980575,1,3.072463768115942
45.496568802501756,-39.487148083190675,0,3.0661157024793386
-5.134621351827484,33.10094137446008,1,3.0680412371134023
16.022962253813404,-46.10140986515429,1,3.0699588477366255
-49.055361693993596,41.63554890137124,0,3.0636550308008212
49.790500777886194,-41.883562704118305,0,3.057377049180328
42.04828094429824,-2.1091432102621113,1,3.0593047034764824
-47.55325615717538,47.087787745826915,0,3.053061224489796
24.716570882029046,-47.99695369634682,0,3.0468431771894093
-21.847666928084163,0.14352801686996486,1,3.048780487804878
-35.75077220024434,-5.5988923403695665,1,3.050709939148073
1.7254206615966794,30.951117570486304,1,3.0526315789473686
48.41038770837126,-26.175824251035927,0,3.0464646464646465
-27.507768222878205,26.69234921454465,1,3.0483870967741935
25.624178634178165,34.645942104240774,1,3.050301810865191
-11.901411149675226,-8.895916386636493,1,3.0522088353413657
4.09355059718979,4.885067942351554,1,3.0541082164328657
33.3898465416503,-20.065873286954307,1,3.056
-41.243822843048974,46.126200560842605,0,3.0499001996007986
-19.174411402507552,-27.187265333127996,1,3.051792828685259
7.318379150670296,13.286894718505529,1,3.0536779324055665
26.506042010224505,-19.361002237580482,1,3.0555555555555554
-46.16742134193521,34.75246294067131,0,3.0495049504950495
-19.671461410922618,-37.94709926654105,1,3.0513833992094863
25.72900459812746,12.599502675224784,1,3.0532544378698225
-4.504508613135691,-45.50655632357885,1,3.0551181102362204
-33.63136356919397,37.79219295681369,0,3.049115913555992
-29.834663533809636,-40.83537473406433,0,3.0431372549019606
25.525478639988208,-28.644159301368667,1,3.045009784735812
-10.510073085155234,18.557782305981647,1,3.046875
-42.225961085958645,-21.186160960084965,1,3.0487329434697856
46.811727271386715,-34.964683870494305,0,3.0428015564202333
-44.897806930085736,-43.20210443273851,0,3.036893203883495
-38.02496125808611,-31.078536100396526,1,3.0387596899224807
42.25716484784276,-17.055783871468044,1,3.0406189555125724
-12.115592001573738,-5.869490225909637,1,3.0424710424710426
-33.459150966958006,-47.382529598870946,0,3.0366088631984587
-26.00632043715898,14.78627140099347,1,3.0384615384615383
35.35292880562989,12.447263291873789,1,3.0403071017274472
-29.08888492485041,43.28431966839493,0,3.0344827586206895
-48.81535766600093,-13.76230905020541,0,3.0286806883365203
-7.870229475621173,29.406296816303993,1,3.030534351145038
-23.958143953678047,17.15654108017506,1,3.032380952380952
2.4386367326266196,30.61846864023441,1,3.0342205323193916
4.215760184703356,4.443313322715724,1,3.0360531309297913
-45.71632721808974,20.34718727440334,0,3.0303030303030303
22.215774248242298,-41.63019805473598,1,3.0321361058601135
23.741493987812277,48.44411220268012,0,3.026415094339623
44.44876736793955,-10.137497075258871,1,3.0282485875706215
29.765560097736625,12.199704457656424,1,3.030075187969925
-6.892387494668704,-8.046731837582222,1,3.0318949343339585
24.101747414233046,-19.4032100929296,1,3.033707865168539
-12.608945192530655,18.726999204874716,1,3.0355140186915888
20.26738899967883,31.384084990692713,1,3.037313432835821
-1.99787413141064,-13.234964582490683,1,3.0391061452513966
28.619378771787737,-36.218157875539106,1,3.04089219330855
35.02189541241901,-23.258441612827852,1,3.0426716141001857
37.92285578453517,28.569104028663332,1,3.0444444444444443
44.875040126192275,42.94934891587545,0,3.0388170055452863
-23.939355252953465,42.70833012093658,1,3.040590405904059
-32.29136926955035,17.735345141037044,1,3.042357274401473
9.069629008170445,-27.20652272531183,1,3.0441176470588234
28.83469774511515,-36.39793830584248,1,3.0458715596330275
-25.955078473396785,-28.7413816044225,1,3.0476190476190474
36.28180366154568,36.18442358678219,0,3.0420475319926874
-38.43656098380217,47.66538404395047,0,3.0364963503649633
15.46832191673046,43.48105850504285,1,3.0382513661202184
-38.609481631276736,-33.668030363911,0,3.0327272727272727
-19.150475665477185,38.83475733597719,1,3.0344827586206895
-15.990178145249523,48.885121537839595,0,3.028985507246377
-10.780269526757237,-1.5427861789427482,1,3.030741410488246
8.743879323635618,36.6733149675963,1,3.032490974729242
-12.18937703160968,-47.59373161166652,1,3.0342342342342343
23.505649877465984,-40.284970776217335,1,3.035971223021583
40.353238865652656,-27.02924567803019,1,3.03770197486535
38.02634997166203,-32.774499985962194,0,3.032258064516129
-42.81469614986325,36.72676470529689,0,3.026833631484794
-23.369656866567233,-46.668092248211416,0,3.0214285714285714
-49.13187958330667,29.914979689940992,0,3.016042780748663
46.84571234594948,-33.52640798725357,0,3.0106761565836297
-28.853815789629657,-38.52542408711713,1,3.0124333925399647
33.25837229760357,49.2941477109829,0,3.00709219858156
-3.1135040719876486,-41.70312854870215,1,3.0088495575221237
-20.545810499945038,-17.126324900031165,1,3.010600706713781
13.05062147517664,-40.32981428543165,1,3.0123456790123457
17.098715098837033,8.334663449471392,1,3.0140845070422535
19.46395157884612,-41.80586033974222,1,3.015817223198594
14.987091703484936,29.56391777145032,1,3.017543859649123
11.51696652623172,27.03863028474551,1,3.0192644483362523
-18.83837266071979,-24.89254624369267,1,3.020979020979021
-19.473778167736345,29.019747136646018,1,3.0226876090750436
46.97713604555305,-29.440510876303772,0,3.0174216027874565
-47.49988311204334,24.544819011360616,0,3.0121739130434784
-46.61365163253317,23.296740927242993,0,3.0069444444444446
43.78276618283712,-48.350781410607865,0,3.001733102253033
-15.204606973675162,-2.557823599247257,1,3.0034602076124566
42.884305132541954,8.87630813107205,1,3.005181347150259
43.80341086292317,45.26312102214028,0,3.0
34.563198825287984,-3.7126308931330527,1,3.0017211703958693
-11.77718604585045,-39.744911747124405,1,3.0034364261168385
42.6582959613624,1.3933097927841231,1,3.0051457975986278
-23.489466320165707,-10.600548561869225,1,3.006849315068493
49.809115450044516,-43.61301491706472,0,3.0017094017094017
-7.3492653296899135,-48.738874710857395,1,3.0034129692832763
-12.182694901876737,27.813647951185075,1,3.0051107325383306
46.3984385814679,25.466144173906287,0,3.0
19.191238073893686,-25.103061394246385,1,3.00169779286927
-23.631698691025427,-35.572804719741455,1,3.0033898305084747
33.97261994800061,-2.5045896769518166,1,3.00507614213198
-11.411338640694943,-42.377254984464784,1,3.0067567567567566
5.738903783224416,31.487629363848242,1,3.0084317032040473
-42.14055736729041,-13.73421647614775,1,3.01010101010101
30.63843376883436,10.426149433452956,1,3.011764705882353
-41.34181308747008,10.993631110506676,1,3.0134228187919465
-34.75248138575818,36.74573716281135,0,3.0083752093802345
31.83921956626341,-33.81519312668089,1,3.0100334448160537
-30.53869948879553,-4.493525966573927,1,3.011686143572621
-4.289319959522373,11.981412376818454,1,3.013333333333333
0.5175255759496054,8.203913263848982,1,3.0149750415973378
49.26237154968233,-16.589127580006824,0,3.009966777408638
-43.6540098780186,-33.41974008019683,0,3.0049751243781095
-45.37445347115153,-45.123940938612705,0,3.0
20.963524902318426,-46.941367031824655,0,2.9950413223140497
5.32964323928077,-46.798240226076814,1,2.9966996699669965
-46.255160712312914,23.818594514671958,0,2.9917627677100493
-16.001770758564007,-13.54859242056363,1,2.9934210526315788
7.5851715453542425,41.546082500412936,1,2.9950738916256157
21.381077132827514,35.638490041998054,1,2.99672131147541
17.429513833389933,-45.194321094628876,1,2.9983633387888706
3.7814191485560897,15.084046370716592,1,3.0
-35.184385419029326,-48.73940547011281,0,2.99510603588907
-12.43841829515879,2.4860013978158264,1,2.996742671009772
-8.244369810253794,-11.68269844846511,1,2.9983739837398375
35.21782627591729,-27.435211657294133,1,3.0
-31.203345519955395,41.46834734109932,0,2.995137763371151
11.887576954733326,31.28633598871781,1,2.9967637540453076
14.51576241909089,36.73185245392659,1,2.998384491114701
-49.02543974187192,-39.43499003276703,0,2.9935483870967743
-41.71970636722726,42.77302226832779,0,2.9887278582930756
41.81408036919872,-27.986693597063528,0,2.9839228295819935
6.899566029078528,-19.44271290260652,1,2.985553772070626
-30.29432781762167,37.30567781922494,1,2.9871794871794872
-46.367350287050535,47.74258705978616,0,2.9824
1.8821557837142677,-4.828045236711219,1,2.984025559105431
38.20958746535257,47.3458562070102,0,2.9792663476874
-42.46499745207869,29.43858119293928,0,2.9745222929936306
18.89662564833442,12.408402701210932,1,2.976152623211447
22.660393018081308,48.23544176925111,0,2.9714285714285715
5.654422805736182,-13.07162668613762,1,2.9730586370839935
31.674628203098237,-17.710919406717366,1,2.9746835443037973
15.697795438873257,26.90100566110334,1,2.976303317535545
44.90324879107139,-0.9162568421853265,1,2.9779179810725553
-4.580854048142534,35.22659129990829,1,2.9795275590551182
32.965684392436174,12.889859537411397,1,2.981132075471698
-35.68469798645644,-20.803049851850886,1,2.9827315541601256
40.824671799627396,-1.3168252037296355,1,2.9843260188087775
-7.36488126175724,24.39340553102224,1,2.9859154929577465
25.733175122396005,-18.948828389854032,1,2.9875
14.561332336930107,9.302243290169997,1,2.989079563182527
49.96656306021123,-6.289459528741695,0,2.984423676012461
-45.749022260293614,-31.653566888230067,0,2.979782270606532
-43.9100793082026,-6.245254080670591,1,2.981366459627329
-10.882960962221631,16.65674884344986,1,2.9829457364341083
-39.125689551795574,-45.565477316005975,0,2.978328173374613
-29.75427447352551,-13.010704406212014,1,2.979907264296754
11.37272259119807,-41.86689863381995,1,2.9814814814814814
-46.059579313424315,-49.51664494361112,0,2.9768875192604005
-47.28458506180328,30.885871537892413,0,2.9723076923076923
-2.7186313413321557,-28.990392628148797,1,2.9738863287250386
1.4052874323463058,-7.081226780907691,1,2.9754601226993866
-14.123167346439011,21.848076303188975,1,2.977029096477795
7.877089901951116,-24.150558879468164,1,2.978593272171254
-1.0219809907069077,-0.15996595804298153,1,2.980152671755725
11.264735551319838,-1.254787205918582,1,2.981707317073171
35.84487235290052,-1.5009927712732036,1,2.983257229832572
-37.11918874820856,-22.047642738615213,1,2.9848024316109423
-25.902169355363768,39.17687726900493,1,2.9863429438543245
46.081203370678594,-43.63865170261274,0,2.981818181818182
-1.0411572402793894,-26.15880086185389,1,2.983358547655068
-33.75221347486994,-17.573077221393405,1,2.984894259818731
34.46667804516443,22.4708100632984,1,2.986425339366516
6.163915871801521,47.279170227389486,1,2.9879518072289155
-5.833045965279524,-8.555841019769282,1,2.9894736842105263
-0.13873286094197113,-46.598923353391655,1,2.990990990990991
20.187844590871975,-22.555260541216782,1,2.992503748125937
2.1836600927214036,22.908203522250375,1,2.9940119760479043
4.652675444831303,-36.99192819485981,1,2.995515695067265
44.73090365746653,-21.11861452808955,1,2.997014925373134
-11.963517872015181,1.7483298125448457,1,2.9985096870342773
31.97657549114112,-28.80018201273753,1,3.0
24.974179998917265,-1.5625103074208937,1,3.00148588410104
-13.061672854474203,22.110224330504238,1,3.0029673590504453
7.404719054036711,6.00173265145515,1,3.0044444444444443
-14.061886645290919,18.99288666791466,1,3.0059171597633134
-37.06875094576314,42.994669209372105,0,3.001477104874446
43.19101787544976,-31.645355269797427,0,2.9970501474926254
33.92785219754259,0.4696087674089213,1,2.9985272459499264
-1.0057463356504783,-37.4842372681548,1,3.0
-49.465255259257425,19.703523682684406,0,2.995594713656388
-21.43712147876401,-34.14419369517543,1,2.997067448680352
-41.112041177688816,15.453676742900797,1,2.998535871156662
-16.975075775691906,49.02387190953219,0,2.9941520467836256
-5.681461700321954,24.605629286057322,1,2.9956204379562044
-45.30280031158388,-20.551999284362044,1,2.997084548104956
28.055309636076416,-14.27438054468346,1,2.9985443959243088
-39.63981851232241,11.698994088124692,1,3.0
-17.921662342362218,37.517646336896846,1,3.0014513788098696
10.791005310773741,-43.3251398616096,1,3.0028985507246375
43.245025885287106,-47.96556235233539,0,2.9985528219971056
29.761837379514546,-20.032073998252496,1,3.0
-48.17110223801328,-33.652967076742556,0,2.9956709956709955
-43.061013349621724,-8.064024332456675,1,2.9971181556195967
-16.472346258504587,-19.157036917380353,1,2.998561151079137
40.52139886465709,-12.093059111896011,1,3.0
-31.823759531015327,-0.5127714873728735,1,3.0014347202295553
35.07193931741881,46.34691137520032,0,2.997134670487106
-47.45926453760425,-28.870478847342852,0,2.992846924177396
-25.616493859758048,42.08222325780831,1,2.994285714285714
34.63771285993964,-4.267067019248913,1,2.9957203994293864
3.049885193278456,41.9261753012277,1,2.9971509971509973
-34.505323152354585,-26.455163229263356,1,2.998577524893314
-43.6843079793533,-46.19192494248274,0,2.9943181818181817
-18.955390471328027,-3.599345469876745,1,2.9957446808510637
-37.69133975388084,30.36944574053804,1,2.997167138810198
22.203202049289345,43.38230178568685,1,2.9985855728429986
35.21294459732354,34.89755570646766,1,3.0
23.36906029055912,25.71826851908517,1,3.0014104372355432
49.57699716931663,30.001377085252855,0,2.9971830985915493
40.796013139590514,-45.306768984441746,0,2.9929676511954995
32.79451325465811,12.57136216350085,1,2.99438202247191
24.780569977415794,2.285113360859313,1,2.9957924263674616
-16.415532509437114,10.494725924641614,1,2.9971988795518207
-40.23370103217173,-37.47454667686219,0,2.993006993006993
-33.96316725490625,-15.46153857292736,1,2.994413407821229
-42.615438062294366,12.897516989053969,1,2.99581589958159
-24.999535415889905,20.39975446369023,1,2.997214484679666
12.711816997396141,-38.92705065796424,1,2.998609179415855
0.4246995479202056,-0.9162793684895476,1,3.0
-40.90721363092887,-25.192197950209938,1,3.001386962552011
-27.869319954208184,45.87954510238504,0,2.9972299168975067
-48.254865260365065,49.72445276759274,0,2.9930843706777317
-10.637033377949415,-41.53456989877526,1,2.994475138121547
-8.913445162117796,8.680788263136726,1,2.995862068965517
-35.94143605010455,-3.9840708193233496,1,2.997245179063361
2.7319896156034886,-6.8070807541457015,1,2.998624484181568
41.7435825682858,7.739802048562019,1,3.0
-0.9568227159643357,-36.935086952801356,1,3.001371742112483
3.431099345434596,-15.47880347853102,1,3.0027397260273974
36.58345831922816,-48.85319203211288,0,2.9986320109439126
-46.50564194924501,32.79602332506117,0,2.9945355191256833
0.6616453766793455,-27.163074900553784,1,2.9959072305593453
-0.7820384910613285,-45.85878591423441,1,2.997275204359673
15.804940278992675,-24.831503634898866,1,2.998639455782313
-35.90832463974812,-42.1084018789367,0,2.994565217391304
-3.019329834134666,9.176531705672438,1,2.995929443690638
-29.183226007189557,-4.870362072151877,1,2.997289972899729
13.887758131044627,49.06772837241232,0,2.993234100135318
32.95317931801776,-29.46180524192212,1,2.9945945945945946
44.48492637759202,-34.46582381664604,0,2.99055330634278
-17.23294776476346,12.051587486979699,1,2.9919137466307277
8.081137179531638,-2.075173577962076,1,2.993270524899058
-36.14404751227258,16.427993317762045,1,2.9946236559139785
40.51466042816368,39.37637413301441,0,2.9906040268456375
17.23345801108202,-22.039878970952454,1,2.991957104557641
6.0575107674396875,11.854526330397988,1,2.9933065595716197
-49.73521413283236,-34.82984992564657,0,2.9893048128342246
2.4898600426396555,35.432424372836394,1,2.9906542056074765
18.585807754458145,14.798617117943877,1,2.992
-41.181565948566316,7.287027832703309,1,2.993342210386152
34.507268188513024,38.40111077658355,0,2.9893617021276597
40.76867863400014,-16.6392679358661,1,2.99070385126162
-38.803748735773695,5.723842305368798,1,2.9920424403183024
44.29591211673328,27.394894673492644,0,2.9880794701986755
37.13888721507281,-36.21052254812177,0,2.984126984126984
20.278161950752164,0.5969182172997591,1,2.9854689564068693
13.537725049069302,-12.051823848019062,1,2.9868073878627968
-2.6733357456186226,-43.010969973688916,1,2.9881422924901186
-19.36757800085799,-4.110517273086437,1,2.9894736842105263
-44.916744554131725,-6.9676915403550055,1,2.9908015768725362
-3.4687452823727867,-13.423931714646095,1,2.9921259842519685
9.508195975615997,-18.288796500607653,1,2.9934469200524245
-14.201161645545376,-43.41648052489241,1,2.994764397905759
20.417653329622937,25.037814216753034,1,2.996078431372549
-24.557863026851745,32.72944568318209,1,2.9973890339425586
-25.91912837334408,-33.80960131614983,1,2.9986962190352022
-16.66218274054149,26.058029241855408,1,3.0
14.453813908662525,-34.56632321577248,1,3.001300390117035
20.378205458714774,15.156915570009971,1,3.0025974025974027
43.61576530292385,23.34999323100429,1,3.0038910505836576
28.37878487087943,1.4206147606032218,1,3.005181347150259
-17.874122019070924,-47.85482495489383,0,3.001293661060802
-19.37424720759435,-40.51174098002973,1,3.0025839793281652
-15.372963727804859,-17.48309186179543,1,3.0038709677419355
15.205009647283916,31.729184508795996,1,3.0051546391752577
-10.998180304342732,40.01701142263225,1,3.0064350064350065
43.5802152443583,29.663941529293197,0,3.0025706940874035
-49.1971346753277,16.875251320559087,0,2.998716302952503
41.65093092746331,39.63180400193157,0,2.994871794871795
-6.2160781868158566,-25.585762494700838,1,2.996158770806658
-37.996927910275325,3.690032375042364,1,2.997442455242967
-34.96611203870877,-24.13134073860811,1,2.998722860791826
-38.160599534165115,-20.631501528890073,1,3.0
26.203003930415022,15.190230546020274,1,3.0012738853503187
7.389110559710822,26.42040626471679,1,3.0025445292620865
-35.3286895870259,-6.225841875091177,1,3.0038119440914866
-21.080289234385507,-14.92388604565722,1,3.00507614213198
-18.40442966614686,-36.05840447620372,1,3.006337135614702
-34.16490636607968,-24.441163853272528,1,3.007594936708861
-41.10240179371223,-26.071720122702747,1,3.0088495575221237
-43.33458439871677,35.25454847297151,0,3.005050505050505
-16.95639718269595,6.398080458092082,1,3.0063051702395964
19.596232018368738,0.5490742825356207,1,3.0075566750629723
-31.730683286713514,25.975679424008177,1,3.008805031446541
-42.712210654446636,14.978510450907848,1,3.0100502512562812
-16.644236725958613,-27.87117200796456,1,3.0112923462986196
48.63842393301944,-17.97363683163684,0,3.007518796992481
2.372762733370351,17.263093746002028,1,3.0087609511889863
26.297234350050488,-48.475208137096416,0,3.005
-8.376286342265374,1.9932985012104965,1,3.006242197253433
31.878815058245607,46.30836597365881,0,3.002493765586035
-31.082804360143534,-13.498321126508195,1,3.00373599003736
10.32349214828944,-37.08123019755774,1,3.0049751243781095
-14.459399923076447,-2.890435235327459,1,3.0062111801242235
13.726635251423602,-26.99760299334312,1,3.0074441687344913
36.63954514382702,40.37300860972721,0,3.003717472118959
43.29346865447188,-33.046723909511776,0,3.0
8.86211998074414,34.85267901588399,1,3.0012360939431395
24.432281589088305,11.534488696749868,1,3.0024691358024693
36.34880034954969,1.5903361295391605,1,3.003699136868064
14.509297013484542,-24.348820606446175,1,3.0049261083743843
42.022396109691286,0.6259756085928743,1,3.006150061500615
-33.962909954352824,-34.97839187600202,1,3.0073710073710074
-4.633018277034672,-7.285995970924638,1,3.0085889570552147
30.5122410550929,6.093623230426616,1,3.0098039215686274
41.313445322890146,38.871637653434206,0,3.0061199510403918
-16.14829774000667,9.513804906682665,1,3.0073349633251834
44.38220770671805,-49.45338038407403,0,3.0036630036630036
-5.987940633701648,12.730075658088403,1,3.004878048780488
38.585440884355904,-23.964755426492744,1,3.0060901339829478
34.40353859495232,-3.3144545427601173,1,3.0072992700729926
32.639843801114765,-8.014012358363608,1,3.0085054678007292
23.378741700937795,-47.556543560407015,0,3.004854368932039
-23.99857315910925,41.497046214727476,1,3.006060606060606
-13.267751125355666,-26.62893385927224,1,3.0072639225181597
-4.592980689587954,-4.550106257288078,1,3.0084643288996373
41.558973807505836,-23.027713812330898,1,3.0096618357487923
6.1105092160326535,-46.695537083704316,1,3.010856453558504
40.654477011284726,23.605931495533895,1,3.0120481927710845
-35.98290598616166,13.714081478570947,1,3.01323706377858
-0.6008082969018247,18.652326656967304,1,3.014423076923077
-11.374135738765801,11.857363711461922,1,3.015606242496999
-5.982284986878618,27.065241644483365,1,3.016786570743405
-15.682291269738435,38.38368201306045,1,3.0179640718562872
-31.17507956600687,-39.990073259039335,0,3.014354066985646
-41.24278948158404,-18.530368790926843,1,3.015531660692951
39.505193274627544,49.28154747559246,0,3.011933174224344
-40.0248905364371,-23.60093315776973,1,3.0131108462455303
22.46703518702435,17.75501322166089,1,3.0142857142857142
-32.88165123256965,-41.905290336221256,0,3.0107015457788346
-15.915062567858499,-33.17142948144167,1,3.01187648456057
-12.767573353828489,-46.32775358404593,1,3.0130486358244366
3.759757061454607,10.826947245891148,1,3.014218009478673
36.68098155416641,-24.658581533916667,1,3.0153846153846153
49.3259805934762,9.309707811180736,0,3.0118203309692673
46.12909499808997,-2.7294893797655675,1,3.012987012987013
39.90507731215011,30.003435309881993,1,3.0141509433962264
-39.862954442246775,9.384627733341603,1,3.015312131919906
3.7509284876023656,24.923485361073247,1,3.0164705882352942
40.743465984476515,-24.827383627956877,1,3.017626321974148
14.654226120961667,18.33037172897592,1,3.0187793427230045
36.344249970722544,17.59258303624142,1,3.019929660023447
9.504477078534322,37.53472782880975,1,3.021077283372365
-10.47343410942262,34.34318319027754,1,3.022222222222222
-8.246773947556171,2.04597222614791,1,3.0233644859813085
-33.20223282171201,-7.235024033272886,1,3.0245040840140023
-42.608906613772824,-0.41809559963456167,1,3.0256410256410255
5.884219114252112,-40.15694116991829,1,3.026775320139697
-0.6523102398960248,-41.58114150782335,1,3.027906976744186
16.520082061690644,11.810839369072134,1,3.0290360046457607
32.48036032894302,29.95144183889562,1,3.0301624129930396
13.523868515367518,-14.125624933194501,1,3.0312862108922363
31.028622802759344,-12.507720257438713,1,3.0324074074074074
-40.370572338946374,41.497786392339606,0,3.0289017341040463
34.00124353007715,-25.278178634542403,1,3.0300230946882216
18.69905321978041,-31.69189929316968,1,3.0311418685121105
-44.570257628908124,28.71650984776589,0,3.0276497695852536
-30.27701319954691,6.077794020480788,1,3.028768699654776
23.25103564900145,-23.283475195531377,1,3.0298850574712644
-15.293809356466156,-15.15045764454814,1,3.0309988518943745
-17.381500217872414,2.518509902471102,1,3.032110091743119
15.862579584451183,-23.71575245369434,1,3.0332187857961053
-5.165948173943626,3.1679684301167867,1,3.034324942791762
22.432670639501666,49.67552015786532,0,3.0308571428571427
-49.295446887301296,-27.27847368977878,0,3.0273972602739727
47.2608774407542,-39.45098760212006,0,3.023945267958951
22.904531671916246,-42.89521330541209,1,3.0250569476082005
-9.981555538499329,42.012498873893065,1,3.026166097838453
42.4695639023044,32.912425593784505,0,3.022727272727273
-46.06725303444197,8.860176586798637,1,3.0238365493757096
28.177913811978556,-46.60038191016104,0,3.020408163265306
30.606819722028405,-10.735819809680223,1,3.0215175537938843
-25.889478829734024,5.479411297702775,1,3.02262443438914
5.67313371227862,28.2580559608065,1,3.023728813559322
-1.455658929547873,36.5461979308059,1,3.024830699774266
-7.0926975224733795,-41.90500902783842,1,3.0259301014656144
-30.026137618567827,-5.355933265105229,1,3.027027027027027
-47.572455102192535,-38.53474926511067,0,3.0236220472440944
-5.711254193513241,-15.70699067795482,1,3.0247191011235954
34.68719797978797,24.384132200017376,1,3.025813692480359
-20.10835042418211,4.819276101300673,1,3.0269058295964126
15.686625261643712,23.65988433171941,1,3.0279955207166855
44.86002503558586,-41.00759520922344,0,3.024608501118568
16.318060072318886,-2.6433050465337473,1,3.0256983240223465
-23.117303810055333,17.703769837951484,1,3.0267857142857144
-38.35956732303302,49.204323156573935,0,3.0234113712374584
-11.687170994089705,-14.505043853796131,1,3.024498886414254
48.27978235948193,-25.4263748758908,0,3.021134593993326
8.556742989981267,-39.03931490824277,1,3.022222222222222
-10.310226533391877,10.897150948373266,1,3.02330743618202
-12.353230469499763,-10.917294150073573,1,3.024390243902439
34.94459407930435,-31.95437194733193,1,3.02547065337763
17.2686423772835,0.30137134032280954,1,3.0265486725663715
-7.272335754311989,-42.0905919627073,1,3.027624309392265
4.348677857686958,-44.774731784028454,1,3.0286975717439293
49.29268832075621,-49.21460892172958,0,3.0253583241455346
32.28832010723582,10.487661640087964,1,3.026431718061674
23.885147137615547,49.842631540351206,0,3.0231023102310233
6.302260574442052,-1.1556679311212292,1,3.024175824175824
31.27282006217594,47.50227684501556,0,3.020856201975851
41.478693857533116,-32.3208803726919,0,3.017543859649123
-20.086133864406563,21.84459341189259,1,3.018619934282585
-32.641434879462984,36.633399904554736,1,3.0196936542669586
-34.18329743735483,1.5602204415355985,1,3.0207650273224043
32.34296973211842,44.184113418870226,0,3.017467248908297
22.750835076370663,41.84946288953472,1,3.018538713195202
23.058796134882314,-42.56912005816772,1,3.019607843137255
-36.582165307669335,6.8388005039129425,1,3.0206746463547334
21.71566685732023,-4.613924062740985,1,3.0217391304347827
44.40563127446559,-40.469494779818774,0,3.018458197611292
-44.558063149733464,-14.725511455574726,1,3.019522776572668
42.8093637922058,27.18268120178979,0,3.0162513542795235
-20.614212978935985,8.013143526597503,1,3.017316017316017
-40.12523203191258,-22.660635817587995,1,3.018378378378378
18.200284960377843,-30.588512937845238,1,3.019438444924406
-11.663570468426322,37.31875204709712,1,3.0204962243797193
-22.983425274595902,14.482793092925775,1,3.021551724137931
-4.308083659780479,7.781430249470979,1,3.022604951560818
-3.7543031415999124,36.56527828244451,1,3.0236559139784944
-11.69977647346775,1.5808845019348396,1,3.024704618689581
4.345039034617656,35.17440054190712,1,3.0257510729613735
-4.073547697752424,-18.65708319570466,1,3.0267952840300105
15.905196187903584,-32.44118237107304,1,3.0278372591006426
28.99824133516951,-40.35907142611818,1,3.0288770053475935
38.58949244075535,38.497865958883125,0,3.0256410256410255
35.94955331621476,-12.947416537784697,1,3.0266808964781218
-7.319043226215186,20.708661318749805,1,3.0277185501066097
-43.26208143356287,22.432326044985288,1,3.0287539936102235
-48.033768824660925,41.39863734787693,0,3.025531914893617
8.056323018485145,-32.19373649150093,1,3.026567481402763
21.386424040149336,-13.571851173079644,1,3.0276008492569004
-24.987003331825562,41.15882125197339,1,3.028632025450689
19.75907595997218,28.782101013389095,1,3.0296610169491527
6.769360343573673,-43.03566747564275,1,3.030687830687831
2.9661060940999633,40.784186507476534,1,3.031712473572939
8.112377202650535,1.4264467698446381,1,3.032734952481521
41.47476073873089,47.78170266564496,0,3.029535864978903
-31.27414129687276,-1.671694910637754,1,3.030558482613277
-32.53513773726054,-38.07083426773167,0,3.0273684210526315
-16.320123058794536,28.73615136485445,1,3.028391167192429
-8.10364319654009,-2.6403284743020023,1,3.0294117647058822
19.362444275216433,-13.721696604947788,1,3.030430220356768
45.546536260249056,45.52684477485042,0,3.0272536687631026
10.4761475458129,-6.100989182814573,1,3.0282722513089007
-40.79044883031386,38.616771073261276,0,3.0251046025104604
9.23325283135874,49.4927417658089,0,3.0219435736677114
-43.74739489329983,-5.358100834994481,1,3.022964509394572
-34.530999290291774,31.53307460134657,1,3.0239833159541187
-12.033385658710685,32.64500573220232,1,3.025
-40.887065346259234,-0.5417102358852262,1,3.0260145681581685
29.349918580949847,-29.93515532362101,1,3.027027027027027
26.4673269663342,36.66168985218148,1,3.02803738317757
36.99428025134837,-30.48055033684044,1,3.029045643153527
-0.3965124987048583,18.1931981213895,1,3.0300518134715024
41.45969849638524,-48.41783992970168,0,3.0269151138716355
-46.96225065541605,-0.5482123802259906,1,3.0279214064115823
-22.8934574781551,-14.775591978965153,1,3.0289256198347108
40.96869121158852,33.063822283415945,0,3.025799793601651
13.911368846030989,-2.934035162029943,1,3.02680412371134
-45.29185965551701,-24.287222625964777,0,3.023686920700309
46.821404421634654,44.913309086684535,0,3.0205761316872426
3.1051407346791677,-25.97338092571696,1,3.0215827338129495
37.050682251726116,31.679536627506963,1,3.02258726899384
-27.240450530807138,-18.534083773051258,1,3.0235897435897434
-43.69096898746333,-19.6858523254704,1,3.0245901639344264
10.208858931918584,13.593905319092812,1,3.0255885363357216
-22.642376403981334,-17.3294477058517,1,3.0265848670756648
-22.85105772731274,-14.129689769588474,1,3.027579162410623
47.979893678634255,20.27366804166843,0,3.024489795918367
-38.17965657641431,-2.790780001948903,1,3.0254841997961264
3.4855877738636067,-2.9369303214196165,1,3.026476578411405
6.519087888294294,37.18088920527326,1,3.027466937945066
1.2206438938854944,34.17912507853961,1,3.0284552845528454
-0.322186436294146,-4.520931619565758,1,3.0294416243654823
-35.33977337714208,9.291496975216482,1,3.030425963488844
31.80664271239671,27.979022123388617,1,3.031408308004053
46.02123078966282,49.63577873208364,0,3.02834008097166
15.0064828682343,25.087215146090983,1,3.0293225480283112
-9.617360970115222,-18.95614008331138,1,3.0303030303030303
-15.51658736587278,-30.607008077541465,1,3.031281533804238
-17.46836991538946,27.522311921381842,1,3.032258064516129
-47.149549113397924,-6.5509004315891275,1,3.0332326283987916
35.60659150486447,-24.549923250360518,1,3.03420523138833
-20.750692589106535,4.223456012622961,1,3.0351758793969847
-25.56884967895784,-26.5988434737914,1,3.036144578313253
-47.910135781569075,22.985816541382007,0,3.033099297893681
-33.1317622281462,-26.832141480131742,1,3.0340681362725452
-38.642405275734035,20.065856878542604,1,3.035035035035035
-45.25749256044712,0.4602807152074533,1,3.036
